Age,Tenure,Usage_Frequency,Support_Calls,Payment_Delay,Subscription_Type,Contract_Length,Total_Spend,Churn,Predicted_Churn,Churn_Probability
56,33,28,6,13,Basic,Bi-Annual,3966.03,0,0,0.27
46,51,13,3,10,Premium,Monthly,2287.46,0,0,0.12
32,43,18,4,17,Basic,Monthly,4012.06,0,0,0.44
60,37,26,4,11,Basic,Monthly,4129.87,0,0,0.04
25,12,6,5,11,Premium,Monthly,4302.06,1,1,0.71
38,3,3,8,12,Standard,Annual,4591.51,0,0,0.1
56,1,19,1,12,Standard,Annual,2211.83,0,0,0.13
36,33,15,4,18,Basic,Bi-Annual,1662.45,0,0,0.14
40,40,25,2,18,Premium,Monthly,2952.77,1,1,0.78
28,10,23,3,13,Standard,Bi-Annual,1918.74,0,0,0.29
28,43,5,9,3,Basic,Annual,3045.26,0,0,0.17
41,44,28,5,12,Premium,Monthly,3557.37,1,0,0.31
53,29,10,7,7,Standard,Monthly,3473.18,1,1,0.73
57,13,7,0,18,Standard,Annual,1935.31,0,0,0.08
41,12,25,9,11,Premium,Annual,917.61,0,0,0.1
20,31,17,7,17,Premium,Annual,2209.59,1,0,0.41
39,46,7,6,5,Premium,Annual,798.71,0,0,0.11
19,2,22,0,17,Premium,Annual,4461.48,0,0,0.12
41,51,26,1,18,Basic,Monthly,1794.8,1,0,0.44
61,50,12,2,4,Premium,Annual,856.85,0,0,0.09
47,35,25,0,8,Standard,Monthly,224.69,0,0,0.22
55,23,17,8,2,Standard,Monthly,3264.53,0,0,0.09
19,17,13,7,9,Basic,Annual,3220.82,0,0,0.32
38,26,20,1,18,Standard,Annual,1768.96,0,0,0.16
50,8,25,8,2,Standard,Monthly,451.39,1,1,0.85
29,29,4,6,14,Premium,Annual,2107.18,0,0,0.06
39,26,10,8,0,Standard,Annual,1624.97,0,0,0.1
61,10,3,5,6,Basic,Annual,3417.89,0,0,0.15
42,26,9,5,11,Premium,Bi-Annual,3068.32,0,0,0.09
44,34,13,3,16,Premium,Monthly,1886.51,1,1,0.76
59,51,18,9,19,Basic,Bi-Annual,1167.67,0,0,0.25
45,41,15,9,4,Premium,Annual,4941.38,0,0,0.2
33,7,4,1,3,Premium,Bi-Annual,2324.61,0,0,0.08
32,4,15,6,11,Basic,Annual,3472.54,0,0,0.19
64,58,22,4,19,Premium,Bi-Annual,788.71,0,0,0.15
61,53,2,5,17,Basic,Annual,2479.39,1,1,0.69
20,50,15,1,16,Basic,Bi-Annual,234.93,1,1,0.72
54,45,8,4,18,Standard,Bi-Annual,2576.73,0,0,0.05
24,11,8,9,8,Standard,Bi-Annual,4823.69,0,0,0.18
38,29,17,3,3,Premium,Monthly,1982.61,1,0,0.29
26,56,12,8,1,Premium,Bi-Annual,291.08,1,1,0.81
56,36,19,5,3,Basic,Monthly,251.68,0,0,0.24
35,25,10,1,1,Premium,Annual,2001.14,0,0,0.07
21,21,9,0,14,Basic,Bi-Annual,884.12,0,0,0.22
42,57,5,4,1,Basic,Annual,214.43,1,1,0.84
31,36,6,8,3,Premium,Annual,3805.45,1,1,0.74
26,10,20,5,5,Basic,Bi-Annual,2346.76,0,0,0.29
43,37,26,9,6,Standard,Monthly,1517.3,0,0,0.08
19,9,2,6,9,Premium,Bi-Annual,4510.41,1,1,0.77
37,24,27,4,18,Standard,Annual,669.08,1,1,0.75
45,35,24,9,18,Premium,Annual,4784.0,1,1,0.69
64,49,27,5,11,Basic,Bi-Annual,1638.44,1,1,0.81
24,35,13,4,2,Premium,Monthly,4453.18,0,0,0.14
61,48,6,8,12,Standard,Monthly,3054.42,0,0,0.12
25,36,5,5,17,Basic,Annual,4150.87,0,0,0.19
64,18,25,7,7,Premium,Annual,4921.66,0,0,0.32
52,49,1,1,14,Premium,Monthly,1513.19,0,0,0.16
31,39,21,8,0,Premium,Bi-Annual,4809.56,1,1,0.8
34,32,22,4,2,Standard,Annual,2008.46,0,0,0.06
53,24,21,6,7,Standard,Monthly,1989.01,1,1,0.81
57,23,6,9,3,Premium,Annual,1767.9,0,0,0.12
21,32,6,0,15,Basic,Bi-Annual,2752.9,1,1,0.7
19,37,23,9,9,Basic,Monthly,855.31,0,0,0.1
23,12,16,4,11,Standard,Annual,2813.19,0,0,0.25
59,49,4,9,13,Basic,Bi-Annual,2754.35,0,0,0.07
21,55,11,1,13,Standard,Annual,3833.32,0,0,0.12
46,13,24,5,1,Premium,Bi-Annual,4184.88,1,1,0.75
35,23,23,0,4,Standard,Bi-Annual,2258.16,1,1,0.69
43,25,9,2,4,Standard,Monthly,1581.43,0,0,0.21
61,35,23,4,5,Premium,Bi-Annual,1370.74,0,0,0.4
51,41,3,3,12,Basic,Annual,1053.66,0,0,0.13
27,30,19,2,8,Standard,Bi-Annual,382.47,0,0,0.12
53,17,8,9,14,Standard,Bi-Annual,1778.0,1,0,0.23
31,49,5,4,13,Premium,Monthly,1424.21,1,0,0.25
48,20,4,7,6,Basic,Bi-Annual,4835.45,0,0,0.13
32,48,24,3,19,Standard,Bi-Annual,2832.77,1,0,0.44
25,25,6,0,1,Premium,Annual,1801.66,0,0,0.23
31,22,2,6,6,Standard,Monthly,2944.29,1,0,0.3
40,13,20,7,5,Premium,Monthly,782.06,0,0,0.29
57,59,28,2,16,Basic,Monthly,2275.81,1,0,0.32
38,19,11,5,1,Basic,Bi-Annual,3168.55,1,1,0.58
33,49,4,1,2,Basic,Monthly,2495.6,0,0,0.05
62,36,15,6,4,Basic,Bi-Annual,2068.72,1,0,0.24
35,12,6,7,4,Standard,Bi-Annual,4969.86,0,0,0.14
64,41,22,5,0,Standard,Annual,4413.54,0,0,0.38
41,19,17,5,7,Basic,Annual,3154.69,0,0,0.15
43,12,24,4,11,Basic,Annual,2889.95,1,0,0.29
42,9,6,7,3,Basic,Annual,3141.24,1,1,0.73
62,7,19,0,12,Standard,Annual,1086.43,1,1,0.71
58,28,25,9,14,Basic,Bi-Annual,2036.17,1,1,0.67
46,14,2,3,10,Basic,Bi-Annual,293.35,0,0,0.41
32,31,15,3,9,Basic,Monthly,2430.18,1,1,0.69
62,52,11,2,2,Premium,Bi-Annual,2760.82,0,0,0.09
18,19,8,2,13,Basic,Bi-Annual,1215.97,0,0,0.34
42,58,26,3,15,Premium,Annual,4823.74,0,0,0.15
24,47,19,0,9,Premium,Bi-Annual,4556.33,1,1,0.78
26,16,13,1,9,Basic,Annual,3638.5,1,1,0.76
41,53,12,8,11,Premium,Monthly,2713.59,0,0,0.13
18,5,5,9,8,Basic,Monthly,4362.85,0,0,0.17
61,35,6,1,0,Standard,Bi-Annual,740.2,1,1,0.8
25,12,26,4,4,Standard,Monthly,3973.5,0,0,0.17
41,25,22,8,19,Standard,Bi-Annual,711.62,1,1,0.6
28,52,4,8,7,Standard,Monthly,3991.63,1,1,0.77
34,59,19,7,10,Premium,Annual,1451.26,0,0,0.09
25,21,20,0,11,Basic,Annual,4397.74,0,0,0.41
52,36,1,0,0,Basic,Annual,4725.81,1,1,0.7
52,53,20,8,19,Basic,Annual,829.1,1,1,0.7
50,23,17,7,10,Standard,Bi-Annual,2367.11,0,0,0.09
22,16,12,9,4,Standard,Monthly,4906.84,1,1,0.75
59,57,15,8,14,Basic,Bi-Annual,2468.7,0,0,0.03
56,39,1,6,4,Standard,Annual,4331.38,0,0,0.11
58,45,26,2,11,Basic,Bi-Annual,2984.78,1,1,0.69
45,53,14,2,4,Basic,Monthly,1939.12,1,1,0.71
24,42,6,1,16,Basic,Bi-Annual,1500.34,0,0,0.14
26,58,5,4,16,Basic,Monthly,1095.79,1,1,0.74
25,39,11,2,11,Basic,Bi-Annual,3832.81,0,0,0.14
29,14,4,5,14,Basic,Monthly,1994.05,0,0,0.1
51,31,13,1,14,Basic,Monthly,2605.25,0,0,0.11
50,58,11,2,5,Standard,Annual,2512.39,1,1,0.75
40,5,3,4,11,Basic,Monthly,2928.67,0,0,0.07
41,35,1,0,19,Basic,Annual,4341.33,0,0,0.13
54,23,6,0,17,Standard,Annual,4905.62,0,0,0.11
52,29,18,9,13,Standard,Annual,2097.16,1,1,0.72
61,43,24,8,1,Standard,Bi-Annual,4154.84,0,0,0.1
57,11,10,6,8,Basic,Bi-Annual,3846.19,1,0,0.22
39,18,5,0,4,Premium,Bi-Annual,2910.29,0,0,0.09
44,47,23,7,19,Premium,Bi-Annual,4784.63,0,0,0.11
52,12,10,2,0,Standard,Monthly,1082.33,0,0,0.14
18,9,12,7,2,Premium,Monthly,635.39,1,1,0.8
52,10,2,4,5,Standard,Bi-Annual,4284.41,1,1,0.67
54,58,13,0,4,Basic,Monthly,2251.83,0,0,0.14
64,44,8,6,4,Premium,Monthly,4250.15,0,0,0.4
31,17,2,4,0,Basic,Annual,4476.14,0,0,0.15
20,38,20,5,16,Premium,Annual,406.04,0,0,0.15
18,7,1,5,18,Basic,Annual,4428.98,0,0,0.07
22,46,5,7,13,Premium,Annual,2296.76,0,0,0.07
43,13,9,8,11,Basic,Monthly,2601.12,0,0,0.06
31,40,17,1,9,Basic,Bi-Annual,3170.3,0,0,0.13
56,42,9,8,19,Premium,Monthly,4639.27,0,0,0.06
44,9,11,9,17,Basic,Monthly,193.67,1,1,0.81
26,50,15,8,10,Basic,Monthly,2436.53,0,0,0.15
32,27,24,9,1,Basic,Annual,3469.84,0,0,0.22
32,58,6,9,17,Premium,Annual,3641.26,1,1,0.75
43,2,23,6,6,Premium,Annual,3493.41,0,0,0.13
59,5,3,0,14,Basic,Bi-Annual,758.73,0,0,0.14
30,29,17,6,10,Basic,Monthly,1567.04,0,0,0.08
49,37,5,9,17,Premium,Bi-Annual,1857.71,0,0,0.11
56,38,28,4,11,Premium,Annual,4041.74,0,0,0.11
49,19,12,5,5,Basic,Bi-Annual,1465.92,0,0,0.24
21,8,18,9,19,Basic,Monthly,1132.45,1,1,0.76
47,48,14,6,12,Basic,Monthly,4791.5,0,0,0.09
54,45,21,4,19,Standard,Annual,143.43,0,0,0.13
40,1,24,6,15,Premium,Annual,4989.32,0,0,0.06
56,22,11,8,17,Standard,Bi-Annual,3416.42,0,0,0.08
62,52,9,2,9,Premium,Annual,4159.5,0,0,0.18
32,17,2,7,7,Premium,Annual,1543.64,1,0,0.25
60,7,12,1,17,Premium,Monthly,170.14,0,0,0.16
46,25,3,6,0,Premium,Annual,3715.56,0,0,0.09
53,45,3,1,7,Premium,Annual,4187.31,0,0,0.16
30,4,1,3,5,Premium,Monthly,3728.33,0,0,0.11
49,36,8,6,4,Premium,Monthly,799.97,1,1,0.69
24,6,22,2,14,Standard,Bi-Annual,3791.8,0,0,0.11
39,31,28,1,14,Basic,Annual,3867.72,0,0,0.11
45,19,29,9,1,Basic,Monthly,3326.85,0,0,0.28
19,44,8,6,0,Standard,Bi-Annual,3853.97,1,1,0.82
59,54,11,0,10,Standard,Bi-Annual,4245.02,0,0,0.05
62,39,9,7,9,Standard,Annual,3106.66,0,0,0.08
23,27,5,2,17,Standard,Annual,534.16,1,1,0.81
45,10,14,1,17,Premium,Bi-Annual,2489.38,1,1,0.81
45,26,28,2,16,Basic,Monthly,480.48,0,0,0.17
61,19,3,4,7,Premium,Bi-Annual,2096.96,0,0,0.17
61,39,21,7,14,Basic,Annual,2094.82,0,0,0.19
37,3,5,9,7,Basic,Monthly,423.45,0,1,0.51
47,45,5,6,16,Standard,Monthly,1809.22,0,0,0.25
28,13,19,6,11,Premium,Bi-Annual,643.89,0,0,0.13
45,50,27,6,7,Standard,Annual,4060.35,0,0,0.12
42,28,14,7,13,Premium,Bi-Annual,4743.67,0,0,0.09
56,58,26,0,3,Basic,Bi-Annual,454.35,0,0,0.23
50,20,4,3,0,Standard,Bi-Annual,4780.06,1,1,0.78
18,28,25,5,0,Standard,Monthly,2660.63,0,0,0.09
44,8,13,8,18,Basic,Monthly,1567.87,0,0,0.35
30,41,10,1,15,Basic,Annual,476.62,0,0,0.11
58,39,25,0,13,Basic,Annual,2553.06,1,0,0.34
20,1,18,9,15,Standard,Bi-Annual,3993.13,0,0,0.14
56,3,8,1,4,Premium,Bi-Annual,3564.72,0,0,0.11
23,13,8,6,8,Standard,Bi-Annual,346.11,0,0,0.43
25,28,7,2,1,Premium,Annual,457.22,0,0,0.18
44,57,8,9,17,Standard,Monthly,2074.08,0,0,0.16
26,49,14,1,5,Standard,Monthly,1546.92,0,0,0.1
54,25,19,6,8,Basic,Bi-Annual,1238.68,0,0,0.11
50,56,29,1,0,Premium,Bi-Annual,1476.92,1,1,0.87
59,33,6,2,8,Standard,Bi-Annual,4037.07,0,0,0.08
61,38,1,6,15,Standard,Bi-Annual,4653.22,0,0,0.07
41,53,23,3,12,Basic,Annual,2085.0,1,0,0.25
32,6,15,0,8,Basic,Monthly,4539.94,0,1,0.51
49,58,1,4,12,Premium,Bi-Annual,1675.33,0,0,0.15
49,44,25,8,8,Standard,Annual,2434.54,0,0,0.13
41,45,17,7,10,Premium,Bi-Annual,1207.54,0,0,0.01
58,32,1,8,3,Standard,Bi-Annual,3238.33,1,1,0.63
29,45,15,9,1,Premium,Monthly,4897.01,1,1,0.81
56,47,23,8,5,Basic,Bi-Annual,3057.12,0,0,0.12
19,21,2,6,13,Standard,Monthly,1853.29,0,0,0.11
20,16,14,3,3,Premium,Monthly,3274.31,1,1,0.67
54,54,21,4,5,Basic,Monthly,702.31,1,1,0.64
34,21,8,0,18,Basic,Annual,4454.43,1,0,0.35
19,11,8,0,5,Premium,Annual,2565.11,0,0,0.21
19,37,19,2,1,Standard,Monthly,2301.81,0,0,0.06
45,36,7,7,17,Standard,Bi-Annual,2970.74,1,1,0.68
40,35,19,1,12,Basic,Monthly,3161.44,0,0,0.07
54,19,6,3,8,Standard,Bi-Annual,451.7,0,0,0.43
49,20,6,1,18,Standard,Monthly,3444.82,0,0,0.06
50,57,3,4,12,Standard,Bi-Annual,1285.47,0,0,0.19
18,18,7,8,10,Basic,Annual,3598.37,0,0,0.18
36,47,19,0,0,Premium,Bi-Annual,4130.42,0,0,0.17
19,41,8,4,6,Standard,Monthly,4039.4,1,1,0.82
61,49,10,8,14,Basic,Annual,2807.25,0,0,0.04
43,14,20,0,0,Basic,Bi-Annual,2648.83,1,1,0.76
49,15,15,8,11,Premium,Bi-Annual,800.09,0,0,0.13
23,31,15,7,6,Standard,Bi-Annual,3899.2,0,0,0.18
49,1,29,3,14,Standard,Bi-Annual,1429.91,1,1,0.88
21,53,1,9,18,Premium,Bi-Annual,2533.81,0,0,0.13
28,54,20,4,0,Premium,Annual,1492.94,0,0,0.12
34,54,7,4,16,Basic,Annual,755.76,0,0,0.12
55,3,27,5,16,Basic,Annual,3184.83,0,0,0.04
41,16,4,6,2,Premium,Annual,366.23,1,1,0.7
22,23,29,7,11,Standard,Monthly,3768.36,1,1,0.8
51,57,6,7,5,Basic,Annual,1656.18,0,0,0.14
23,11,25,1,10,Basic,Bi-Annual,100.66,0,0,0.15
39,12,1,8,2,Standard,Bi-Annual,2604.53,0,0,0.17
28,10,29,6,7,Basic,Annual,329.57,1,1,0.84
33,32,5,3,13,Standard,Bi-Annual,1453.23,0,0,0.07
50,16,27,3,13,Standard,Annual,3564.18,0,0,0.09
26,8,23,7,9,Standard,Bi-Annual,407.18,0,0,0.14
23,38,1,3,1,Premium,Monthly,4212.76,0,0,0.19
33,12,4,5,13,Premium,Monthly,118.72,0,0,0.13
46,24,22,4,8,Premium,Annual,1309.44,1,1,0.78
20,28,2,2,2,Standard,Annual,3730.43,0,0,0.13
37,53,10,9,7,Standard,Annual,1649.72,0,0,0.15
53,8,5,1,15,Premium,Bi-Annual,599.27,1,0,0.19
36,58,27,8,1,Basic,Annual,1865.15,1,1,0.81
43,28,10,9,5,Standard,Monthly,1424.93,0,0,0.06
20,36,1,8,11,Basic,Bi-Annual,4229.29,0,0,0.12
36,26,22,0,4,Basic,Annual,1635.4,0,0,0.12
37,8,6,9,1,Standard,Bi-Annual,3965.77,0,0,0.08
49,58,13,2,15,Standard,Bi-Annual,4470.17,0,0,0.04
24,50,15,7,4,Basic,Annual,2225.71,0,0,0.04
58,28,4,5,14,Basic,Bi-Annual,4558.72,0,0,0.05
50,28,13,4,11,Premium,Monthly,1948.86,1,1,0.68
57,37,24,4,3,Premium,Monthly,4823.98,0,0,0.15
56,41,20,5,14,Standard,Bi-Annual,537.52,0,0,0.16
35,36,24,6,10,Premium,Annual,3466.39,0,0,0.01
57,27,15,0,15,Premium,Bi-Annual,2519.69,1,1,0.72
18,54,29,8,5,Premium,Monthly,1999.48,1,1,0.88
28,17,8,2,13,Premium,Bi-Annual,3200.29,1,1,0.65
45,9,5,3,17,Basic,Bi-Annual,3548.9,1,1,0.81
42,33,29,9,11,Standard,Monthly,121.38,1,1,0.87
40,53,15,0,10,Premium,Bi-Annual,918.07,0,0,0.07
48,20,4,9,12,Basic,Bi-Annual,3593.93,0,0,0.06
47,13,12,2,10,Basic,Annual,3365.29,0,0,0.1
59,28,13,1,15,Basic,Annual,4833.63,1,1,0.68
52,48,2,1,14,Premium,Monthly,3829.09,1,1,0.61
24,29,27,0,14,Premium,Monthly,4758.79,0,0,0.2
33,13,19,7,3,Standard,Monthly,3542.45,0,0,0.22
43,46,19,2,10,Premium,Annual,1560.46,0,0,0.12
19,35,4,2,18,Premium,Monthly,616.29,1,1,0.78
18,6,4,5,14,Basic,Monthly,3930.94,0,0,0.1
29,18,26,7,3,Standard,Monthly,3256.33,0,0,0.13
22,51,11,8,12,Premium,Annual,336.11,0,0,0.17
54,5,27,8,18,Premium,Bi-Annual,1864.25,0,0,0.25
49,47,5,3,1,Basic,Monthly,4788.32,1,1,0.72
26,25,20,4,13,Basic,Bi-Annual,2551.97,0,0,0.08
58,2,11,1,3,Premium,Monthly,2220.37,1,1,0.7
52,10,10,8,15,Standard,Bi-Annual,2342.73,0,0,0.09
36,56,8,7,19,Standard,Annual,1123.53,0,0,0.14
33,30,6,2,13,Basic,Annual,1906.67,0,0,0.05
20,50,6,8,14,Basic,Monthly,1912.08,1,1,0.8
37,59,8,2,2,Premium,Bi-Annual,356.54,0,0,0.15
41,45,23,8,7,Basic,Annual,3861.08,0,0,0.33
50,5,15,1,15,Premium,Monthly,2140.87,0,0,0.43
41,55,26,9,9,Standard,Monthly,4128.68,1,1,0.76
28,56,14,8,3,Standard,Annual,4266.71,0,0,0.38
25,33,11,7,17,Premium,Annual,1138.77,1,1,0.79
53,54,12,8,1,Basic,Monthly,3321.03,0,0,0.19
55,1,26,4,16,Standard,Bi-Annual,2414.18,0,0,0.09
57,18,13,1,12,Basic,Bi-Annual,4412.77,0,0,0.12
37,32,8,7,3,Standard,Bi-Annual,1157.13,0,0,0.11
52,47,18,5,10,Premium,Monthly,3421.28,0,0,0.13
42,49,25,7,6,Premium,Annual,3077.99,0,0,0.1
52,11,1,4,11,Premium,Monthly,1546.98,0,0,0.1
42,21,15,9,9,Standard,Annual,769.34,1,1,0.67
46,26,8,1,6,Basic,Bi-Annual,3293.03,0,0,0.27
35,25,28,5,12,Basic,Bi-Annual,3719.13,1,1,0.68
63,22,11,4,6,Basic,Annual,1646.57,0,0,0.17
35,59,12,4,16,Standard,Annual,3259.68,0,0,0.12
19,27,12,0,9,Standard,Monthly,2036.14,0,0,0.16
52,49,4,1,9,Standard,Bi-Annual,3594.71,0,0,0.09
33,13,16,7,3,Standard,Monthly,1076.15,0,0,0.04
58,33,4,2,19,Standard,Monthly,4462.05,0,0,0.03
53,34,5,9,3,Basic,Monthly,1508.31,0,0,0.07
50,41,24,2,6,Standard,Bi-Annual,1902.15,0,0,0.14
21,35,5,7,0,Standard,Monthly,384.65,1,1,0.82
50,1,8,7,11,Basic,Monthly,646.41,1,1,0.74
31,21,10,1,12,Standard,Monthly,2627.72,0,0,0.08
38,48,17,7,9,Basic,Monthly,1411.2,0,0,0.06
37,55,28,0,14,Basic,Monthly,4193.85,0,0,0.43
25,6,26,5,12,Premium,Monthly,172.0,0,0,0.12
24,28,9,7,8,Premium,Bi-Annual,1957.56,0,0,0.15
20,17,22,2,8,Premium,Monthly,1752.99,0,0,0.06
34,5,19,7,14,Premium,Annual,194.71,0,0,0.11
50,31,29,0,9,Standard,Monthly,709.41,0,0,0.28
29,5,14,8,9,Premium,Monthly,2126.85,0,0,0.06
39,38,8,8,7,Basic,Bi-Annual,2515.04,1,1,0.73
39,3,9,4,15,Standard,Bi-Annual,2081.02,1,0,0.18
63,53,22,9,16,Premium,Annual,2701.59,0,0,0.08
47,23,11,3,4,Basic,Annual,3016.15,1,1,0.68
55,37,23,5,3,Standard,Bi-Annual,148.63,1,1,0.69
55,53,1,6,17,Standard,Bi-Annual,2374.07,0,0,0.19
62,37,14,4,18,Premium,Monthly,4821.15,0,0,0.27
25,10,5,9,3,Standard,Bi-Annual,2643.26,0,0,0.16
44,10,21,8,6,Basic,Annual,3419.96,1,1,0.74
44,19,26,2,9,Standard,Monthly,1628.13,1,1,0.73
51,17,14,6,17,Basic,Annual,3892.56,0,0,0.25
38,21,4,9,18,Standard,Monthly,3887.32,0,0,0.11
47,14,22,9,3,Premium,Bi-Annual,2654.35,0,0,0.42
50,9,23,4,9,Basic,Annual,4882.47,0,0,0.32
45,46,25,6,0,Standard,Monthly,715.2,0,0,0.18
64,1,1,1,17,Standard,Monthly,183.04,1,1,0.64
50,51,22,3,4,Standard,Bi-Annual,3873.78,0,0,0.13
22,45,23,1,14,Basic,Bi-Annual,4055.06,1,1,0.66
36,13,19,6,16,Basic,Bi-Annual,689.02,1,1,0.58
21,4,8,1,2,Basic,Annual,1401.36,1,1,0.77
52,1,15,0,11,Premium,Monthly,186.01,0,0,0.21
34,49,21,8,1,Premium,Bi-Annual,1537.21,0,0,0.1
61,40,15,0,0,Basic,Annual,3888.4,0,0,0.41
45,32,9,7,16,Standard,Annual,2638.01,0,0,0.29
47,34,21,1,15,Premium,Annual,1805.67,0,0,0.2
46,28,9,7,4,Basic,Bi-Annual,1921.52,0,0,0.3
63,31,10,2,14,Standard,Bi-Annual,106.63,0,0,0.19
23,8,20,5,2,Premium,Monthly,1569.02,0,0,0.14
52,39,25,2,6,Standard,Monthly,3267.65,0,0,0.09
58,26,21,6,10,Standard,Bi-Annual,4873.55,0,0,0.1
54,58,26,9,9,Standard,Annual,4250.6,1,0,0.39
41,34,9,8,8,Standard,Annual,215.62,1,1,0.85
46,54,3,1,13,Premium,Annual,4502.95,0,0,0.1
63,54,20,4,12,Premium,Monthly,3937.67,0,0,0.12
48,3,25,5,1,Premium,Annual,3923.84,0,0,0.16
52,59,26,3,2,Basic,Monthly,2344.18,0,0,0.23
50,50,11,3,6,Premium,Monthly,2050.23,0,0,0.43
38,12,6,3,17,Standard,Annual,1584.29,1,1,0.72
49,1,2,1,2,Premium,Annual,421.9,0,0,0.16
40,54,7,3,9,Standard,Bi-Annual,1218.35,0,0,0.08
50,44,18,0,6,Basic,Bi-Annual,1308.36,0,0,0.06
20,5,27,5,8,Standard,Annual,2471.98,0,0,0.27
35,30,2,0,16,Standard,Monthly,3762.48,0,0,0.11
42,30,27,9,10,Standard,Monthly,2421.67,0,0,0.12
59,59,17,5,6,Basic,Monthly,383.44,0,0,0.15
48,57,11,0,13,Premium,Monthly,4793.17,0,0,0.23
20,17,27,5,18,Premium,Monthly,4719.35,0,0,0.12
57,48,12,9,3,Basic,Bi-Annual,3947.43,0,0,0.06
63,47,27,7,5,Standard,Annual,4957.51,0,0,0.14
41,23,19,1,9,Premium,Bi-Annual,2767.96,1,1,0.72
49,15,22,1,6,Basic,Monthly,4817.56,0,0,0.37
64,37,24,3,12,Premium,Monthly,470.46,0,0,0.35
39,21,25,2,13,Basic,Monthly,1891.84,0,0,0.11
40,14,7,3,3,Standard,Monthly,1204.37,0,0,0.07
19,2,20,6,7,Premium,Annual,1059.58,0,0,0.17
44,11,6,0,4,Basic,Monthly,789.93,0,0,0.11
59,51,21,5,0,Premium,Annual,3149.83,1,1,0.78
19,39,24,2,3,Premium,Monthly,3928.48,0,0,0.14
43,38,1,9,2,Premium,Annual,2933.66,0,0,0.11
34,34,17,6,8,Premium,Bi-Annual,820.12,0,0,0.05
57,38,29,9,7,Basic,Monthly,4074.51,1,0,0.49
50,50,11,1,0,Standard,Annual,3216.18,0,0,0.22
26,34,22,1,5,Basic,Bi-Annual,2002.01,0,0,0.1
60,18,26,3,8,Basic,Monthly,3403.24,0,0,0.25
56,30,28,0,6,Basic,Monthly,1373.53,0,0,0.11
46,15,18,2,3,Standard,Monthly,1791.44,0,0,0.2
59,27,21,8,12,Premium,Annual,4595.68,0,0,0.22
43,51,17,6,16,Premium,Annual,1523.47,0,0,0.07
52,34,7,6,1,Premium,Bi-Annual,2402.94,0,0,0.1
42,52,17,3,4,Standard,Annual,4461.69,0,0,0.07
41,57,20,1,11,Premium,Annual,3567.83,0,0,0.21
30,38,9,3,7,Standard,Monthly,404.8,1,1,0.75
24,33,17,5,5,Premium,Monthly,821.78,0,0,0.08
53,24,20,2,7,Premium,Monthly,138.42,0,0,0.45
62,15,22,0,17,Basic,Monthly,3191.52,0,0,0.13
37,30,22,7,2,Standard,Monthly,2293.6,0,0,0.05
18,55,28,4,11,Basic,Monthly,757.95,1,1,0.83
25,42,29,4,2,Basic,Monthly,4793.88,0,1,0.62
63,51,8,3,5,Basic,Bi-Annual,2695.33,0,0,0.08
33,17,17,5,1,Standard,Bi-Annual,1285.28,0,0,0.07
31,5,7,2,11,Standard,Bi-Annual,2552.96,0,0,0.22
29,29,1,8,1,Premium,Bi-Annual,3430.14,0,0,0.07
40,4,13,4,5,Basic,Monthly,473.57,0,0,0.15
32,10,23,2,16,Premium,Bi-Annual,1446.05,0,0,0.34
45,56,19,0,2,Basic,Monthly,4054.13,1,1,0.79
51,17,27,9,1,Standard,Bi-Annual,2352.36,0,0,0.18
19,10,24,5,19,Standard,Annual,2778.23,1,1,0.68
49,17,19,1,7,Standard,Bi-Annual,2220.8,1,1,0.76
40,20,29,2,11,Basic,Bi-Annual,315.11,1,1,0.81
39,24,17,0,3,Standard,Monthly,912.17,0,0,0.05
42,5,13,8,4,Basic,Bi-Annual,2283.15,0,0,0.11
39,34,29,7,12,Premium,Annual,1125.01,1,1,0.83
39,6,16,1,14,Basic,Monthly,344.9,0,0,0.1
59,53,8,7,15,Premium,Monthly,4233.88,0,0,0.05
23,2,19,8,9,Basic,Bi-Annual,4907.84,1,1,0.87
32,13,18,0,15,Premium,Monthly,3986.4,1,0,0.43
60,43,1,4,11,Standard,Monthly,4283.55,0,0,0.07
54,43,14,7,16,Premium,Monthly,1285.69,0,0,0.2
50,48,19,1,15,Standard,Monthly,4807.07,0,0,0.27
25,11,15,3,11,Standard,Monthly,1064.94,1,0,0.26
61,51,18,6,7,Premium,Monthly,4762.01,1,1,0.7
61,47,2,2,19,Basic,Annual,4974.61,0,0,0.16
22,57,22,4,2,Basic,Bi-Annual,3587.44,0,0,0.19
56,23,28,7,15,Basic,Annual,4907.6,1,0,0.19
21,55,17,9,12,Basic,Monthly,2890.74,0,0,0.3
23,16,18,2,18,Basic,Monthly,1371.75,0,0,0.14
62,31,6,3,7,Standard,Bi-Annual,2241.28,1,1,0.71
49,11,19,8,4,Basic,Annual,3008.45,0,0,0.18
47,54,4,6,19,Standard,Bi-Annual,458.1,0,0,0.09
64,16,1,0,7,Standard,Annual,3149.48,0,0,0.17
52,8,8,3,11,Standard,Monthly,4907.77,0,0,0.17
57,4,29,3,0,Premium,Bi-Annual,1031.53,1,1,0.93
33,40,23,8,19,Premium,Bi-Annual,3983.72,0,0,0.24
30,4,7,5,5,Standard,Monthly,4548.7,1,1,0.68
59,56,3,8,17,Premium,Bi-Annual,4724.14,0,0,0.09
47,25,10,5,7,Basic,Annual,4804.66,0,0,0.12
36,3,10,5,6,Basic,Annual,2655.15,0,0,0.08
34,32,19,4,0,Standard,Annual,4888.81,0,0,0.1
36,3,14,4,15,Basic,Annual,3810.82,0,0,0.06
45,27,2,1,11,Standard,Monthly,892.19,0,0,0.07
43,29,28,7,5,Standard,Bi-Annual,2436.81,0,0,0.39
54,32,1,7,19,Basic,Annual,3619.82,0,0,0.11
43,50,23,0,1,Premium,Monthly,1311.97,1,1,0.88
40,58,23,7,13,Basic,Bi-Annual,3239.01,0,0,0.1
26,51,28,4,3,Basic,Bi-Annual,3366.34,1,1,0.75
29,19,18,1,0,Standard,Monthly,897.23,0,0,0.05
18,21,7,1,17,Standard,Monthly,2868.92,0,0,0.19
18,5,29,5,12,Standard,Annual,3880.97,0,1,0.56
64,18,8,8,1,Standard,Bi-Annual,2544.59,0,0,0.11
51,28,1,0,8,Premium,Bi-Annual,159.31,0,0,0.34
49,42,25,5,1,Premium,Monthly,144.29,1,1,0.84
42,22,23,8,8,Premium,Bi-Annual,1849.44,1,1,0.77
57,21,3,7,0,Standard,Annual,4638.35,0,0,0.14
62,6,24,5,10,Standard,Bi-Annual,1220.52,0,0,0.12
18,1,23,2,2,Standard,Monthly,3208.38,1,1,0.69
33,5,27,7,19,Premium,Monthly,1188.17,0,0,0.15
56,41,29,8,3,Standard,Annual,1676.18,1,1,0.81
22,12,8,0,17,Basic,Annual,4255.41,1,1,0.62
39,26,22,8,5,Basic,Bi-Annual,3671.42,1,1,0.72
46,46,25,5,2,Standard,Bi-Annual,567.46,0,0,0.34
20,34,15,5,10,Basic,Monthly,2200.64,0,0,0.25
29,49,5,3,14,Basic,Annual,242.93,0,0,0.2
43,14,3,0,4,Premium,Annual,2456.36,0,0,0.12
33,26,19,9,19,Standard,Annual,3345.93,1,1,0.73
54,45,1,7,9,Standard,Bi-Annual,680.66,0,0,0.36
39,27,28,1,11,Premium,Annual,1515.54,0,0,0.14
46,9,15,0,14,Basic,Monthly,2049.4,1,1,0.72
31,26,8,1,16,Basic,Monthly,4605.7,1,1,0.76
45,57,2,0,9,Standard,Bi-Annual,4966.95,1,1,0.8
22,47,3,0,5,Basic,Bi-Annual,320.07,1,1,0.84
64,57,24,8,17,Premium,Annual,3828.94,0,0,0.32
47,22,14,0,12,Premium,Bi-Annual,1921.45,0,0,0.13
63,47,24,3,2,Standard,Monthly,2023.05,1,1,0.78
22,56,14,9,9,Premium,Annual,3795.9,0,0,0.12
29,30,11,5,13,Premium,Monthly,4600.29,0,0,0.41
33,43,16,6,5,Standard,Annual,4759.55,0,0,0.11
43,48,4,1,2,Premium,Bi-Annual,2927.9,0,0,0.1
43,17,20,5,15,Premium,Annual,1849.89,1,1,0.77
38,26,5,6,6,Premium,Annual,3958.99,0,0,0.1
56,36,22,9,19,Basic,Monthly,1329.91,0,0,0.11
53,1,21,9,13,Standard,Monthly,2863.96,0,0,0.1
50,8,14,1,8,Standard,Annual,1857.03,0,0,0.42
47,49,23,1,14,Standard,Bi-Annual,3317.49,0,0,0.11
54,35,16,9,2,Basic,Bi-Annual,1277.95,0,0,0.07
40,52,18,6,1,Basic,Monthly,1038.81,1,0,0.3
27,15,7,0,1,Standard,Bi-Annual,4599.37,0,0,0.21
22,47,10,7,2,Basic,Monthly,598.84,0,1,0.57
53,56,7,2,17,Standard,Bi-Annual,2579.19,0,0,0.06
51,22,1,5,13,Basic,Annual,1182.18,0,0,0.06
48,14,23,8,19,Premium,Monthly,290.76,0,0,0.15
27,26,21,5,17,Premium,Monthly,276.49,1,1,0.71
36,28,19,8,9,Standard,Annual,958.59,0,0,0.14
49,23,16,6,1,Basic,Monthly,4347.17,1,0,0.3
18,14,29,8,0,Basic,Bi-Annual,1484.15,0,0,0.26
22,24,19,1,3,Premium,Bi-Annual,4757.25,0,1,0.52
62,2,4,7,13,Premium,Monthly,2949.95,0,0,0.07
21,45,29,7,0,Basic,Bi-Annual,2239.41,1,1,0.92
33,26,28,1,13,Basic,Monthly,2942.44,0,0,0.09
41,14,18,3,15,Basic,Annual,2631.82,0,0,0.16
33,59,2,6,13,Basic,Monthly,3818.0,0,0,0.35
19,56,1,3,19,Basic,Annual,1484.23,0,0,0.36
45,51,15,3,2,Basic,Bi-Annual,1829.95,0,0,0.07
49,7,5,5,2,Standard,Annual,4481.06,0,0,0.16
44,3,20,9,8,Basic,Bi-Annual,4737.64,0,0,0.5
37,47,11,5,5,Premium,Monthly,4473.54,0,0,0.3
41,23,10,9,12,Standard,Bi-Annual,2155.3,0,0,0.07
29,46,2,2,1,Basic,Monthly,3923.79,1,0,0.31
52,43,3,8,7,Premium,Monthly,2434.05,1,1,0.73
50,47,23,9,1,Standard,Annual,2537.95,1,1,0.77
